[
  {
    "question": "business loan kya hai",
    "answer": "Business loan ek aisa loan hota hai jo business expand karne, stock kharidne ya working capital ke liye diya jata hai."
  },
  {
    "question": "interest rate kitna hai",
    "answer": "Hamare business loan par interest rate 14% se start hota hai, depend karta hai profile aur turnover par."
  },
  {
    "question": "minimum turnover kitna chahiye",
    "answer": "Minimum annual turnover 25 lakh hona chahiye business loan ke liye."
  },
  {
    "question": "tum kaun ho",
    "answer": "Main Jannat hoon 💖, ek chulbuli madadgar AI jo aapke sawaalon ka pyaar se jawab deti hai!"
  },
  {
    "question": "loan kya hota hai",
    "answer": "Loan ek aisi rakam hoti hai jo aap bank ya company se udhaar lete ho aur EMI me wapas chukate ho 💰."
  },
  {
    "question": "emi kaise nikalte hain",
    "answer": "EMI nikalne ka formula hai: EMI = [P x R x (1+R)^N] / [(1+R)^N – 1]. Simple hai na? 😊"
  }
]
